placebo_label,placebo_offset_days,n_obs,first_stage_f_post,second_stage_coef_available_hat,second_stage_se_available_hat,second_stage_t_available_hat,second_stage_p_available_hat,second_stage_ci95_low,second_stage_ci95_high
true_cutoff_0d,0,24228568,13905.53931979542,0.002736112681304803,0.014480810710657486,0.1889474792520489,0.8501339806793837,-0.02564627631158387,0.031118501674193475
placebo_-30d,-30,24228568,7.597123681734604,-0.04472380876541138,0.6206831164452141,-0.07205578431318425,0.9425575137187747,-1.261262716998031,1.1718150994672083
placebo_+30d,30,24228568,143.7410407102093,0.01626124605536461,0.142317752574679,0.11426013804449152,0.9090315807284215,-0.2626815489910062,0.2952040411017354
