city_slug,algo_penetration_1km_mean,algo_penetration_1km_median,algo_penetration_1km_std,n_obs
austin,0.3848165,0.31578946,0.36175248,230920
boston,0.39629355,0.33333334,0.3266007,136528
chicago,0.4098624,0.3529412,0.331283,606832
los-angeles,0.42885613,0.34,0.37910476,1098112
new-york-city,0.4165218,0.37313432,0.3185138,708032
san-francisco,0.41697767,0.33333334,0.3349378,263304
seattle,0.4629105,0.44,0.3516659,759552
washington-dc,0.46727115,0.46153846,0.31621167,433136
